{
  "total_return": -0.0022000000000007274,
  "final_equity": 9977.999999999993,
  "mean_daily_return": -5.00000000000141e-05,
  "sharpe_ratio": -2.420839754357787,
  "sortino_ratio": -2.3931721056523965,
  "max_drawdown_pct": -0.0022000000000007274,
  "n_trades": 2,
  "win_rate": 0.0,
  "avg_pnl_per_trade": -22.000000000006203,
  "total_transaction_cost": 38.0,
  "exposure_time": 2.7056277056277056e-05
}