{
  "total_return": -0.2347999999999889,
  "final_equity": 7652.000000000111,
  "mean_daily_return": -0.011739999999999444,
  "sharpe_ratio": -6.839118604447687,
  "sortino_ratio": -6.7823122328795735,
  "max_drawdown_pct": -0.29435632607893325,
  "n_trades": 72,
  "win_rate": 0.4,
  "avg_pnl_per_trade": -52.17777777777532,
  "total_transaction_cost": 1582.0,
  "exposure_time": 0.995297619047619
}