{
  "total_return": -0.5019999999999983,
  "final_equity": 4980.000000000016,
  "mean_daily_return": -0.011409090909090862,
  "sharpe_ratio": -4.828955394462803,
  "sortino_ratio": -5.402491945476623,
  "max_drawdown_pct": -0.5862032312925175,
  "n_trades": 101,
  "win_rate": 0.36363636363636365,
  "avg_pnl_per_trade": -91.2727272727269,
  "total_transaction_cost": 1034.0,
  "exposure_time": 0.9987554112554112
}